{
  "lightgbm": 0.8710093044301385,
  "prophet": 0.12899069556986148
}