{
  "mae": 1.6086937128792733,
  "rmse": 2.069893905882895,
  "within_5_min": 0.9788194444444445,
  "within_10_min": 0.9996527777777777,
  "n_test_samples": 2880,
  "best_iteration": 225
}